ID,1
480,22.365582
742,33.18472
743,34.10156
744,30.589933
745,25.750237
793,16.881521
794,20.945333
800,32.187897
801,24.288933
802,17.909616
948,23.411806
949,28.346292
954,24.019825
955,20.434069
956,21.45494
1512,14.355941
1513,8.970256
1552,23.024828
1553,22.657005
1554,32.60817
1558,22.29057
1559,14.346227
1560,17.428043
1561,23.34747
1637,21.765602
1638,23.3589
1639,27.996605
1717,11.052744
1718,23.504148
1719,13.976003
1720,19.175604
1721,16.47935
1901,23.305992
1985,27.775316
1986,26.06718
1987,22.754469
1988,25.833677
1989,25.6583
1990,27.147276
1991,10.604476
2037,23.489656
2038,24.991957
2039,11.674453
2040,23.646349
2041,25.36537
2042,27.612492
2043,24.090912
2073,29.548643
2074,29.738024
2075,20.002909
2076,25.499563
2077,26.936481
2078,23.658953
2079,24.402119
2115,35.56751
2116,21.456337
2117,21.890383
2118,35.224514
2119,33.96971
2120,28.61482
2121,23.636366
2147,34.767735
2148,36.387817
2149,18.834421
2180,23.607868
2181,29.875149
2182,36.332336
2183,22.472092
2184,14.994059
2206,16.251484
2207,15.125056
2274,10.236111
2275,24.933273
2316,11.214686
2317,15.148524
2318,14.395092
2319,18.785673
2320,19.138247
2322,14.649683
2323,18.0673
2357,35.660725
2358,30.081264
2360,29.70285
2361,28.237207
2362,25.62621
2363,19.62914
2364,19.750147
2489,19.7579
2491,11.202444
2492,14.136844
2493,18.788782
2494,21.123909
2521,20.348383
2522,19.40851
2523,24.868788
2524,27.12156
2525,26.467354
2527,31.379238
2568,25.134352
2570,25.090065
2571,21.192347
2572,21.032972
2573,22.876202
2574,21.461279
2575,14.29659
2605,32.940968
2606,25.910511
2607,29.160753
2608,15.804299
2636,20.240034
2637,19.974354
2638,24.237772
2639,29.995068
2642,24.600973
2643,25.228594
2644,22.888123
2672,31.373793
2673,36.86008
2674,26.77054
2676,24.351706
2677,21.203724
2678,23.843643
2679,24.32872
2712,13.644686
2717,26.522772
2718,27.263294
2719,24.053022
2749,20.003416
2751,26.500011
2752,24.560535
2771,14.118338
2772,14.750934
2773,16.9609
2774,17.25332
2776,14.776671
2777,11.65737
2778,16.121138
2842,37.436577
2843,25.828762
2844,35.34928
2845,17.054983
2881,35.88488
2882,31.403997
2883,27.020235
2884,20.633205
2885,24.760141
2886,24.448532
2887,12.152211
2918,35.211216
2919,22.662825
2920,25.613804
2921,27.516518
2922,20.935663
2952,31.366299
2953,27.003593
2954,25.203878
2955,27.081776
2956,32.159653
2957,21.610113
3026,31.3351
3027,34.200275
3028,30.853943
3029,25.246567
3030,21.56119
3031,21.375418
3184,26.455013
3185,28.470253
3186,21.475775
3187,22.948704
3188,27.254944
3189,23.268744
3190,13.985195
3395,26.024687
3396,24.991861
3397,24.263523
3398,25.306087
3399,19.770042
3400,17.488256
3401,23.354351
3436,20.9941
3437,23.840977
3438,21.369217
3439,27.065556
3440,26.420145
3497,24.663542
3498,17.961025
3499,25.513208
3500,24.94968
3501,16.864359
3502,19.055141
3503,20.318922
3588,19.031908
3589,14.717024
3590,17.291342
3623,33.21909
3624,24.04077
3625,23.930344
3626,27.388128
3627,24.843506
3652,9.539408
3653,15.036405
3654,13.496098
3659,10.547836
3660,19.031319
3661,20.559572
3687,18.427095
3688,22.090025
3689,20.493807
3690,27.627321
3695,19.103426
3696,21.54828
3697,23.04661
3721,32.767216
3722,27.80415
3723,32.147556
3724,28.233532
3725,26.393343
3726,31.522144
3727,19.043215
3755,18.24316
3756,28.285276
3757,28.188805
3758,27.550732
3759,35.125957
3760,33.01003
3761,34.55005
3790,30.657778
3791,35.231335
3792,30.392128
3793,28.197838
3794,25.131308
3795,30.54204
3796,27.083286
3821,29.883926
3822,30.167292
3823,34.74551
3825,22.201061
3826,28.86503
3827,27.245686
3828,25.341335
3852,14.904828
3853,15.789065
3854,15.166539
3910,15.758272
3911,18.700424
3912,19.790274
3914,15.944558
3915,18.078613
3916,17.058872
3917,19.416609
3918,13.404281
3919,18.338926
3921,16.60176
3922,19.113813
3923,15.886437
3971,18.244152
3972,21.849535
3973,23.168
3975,18.810656
3976,16.978645
3977,13.862929
3978,5.1276264
4001,23.029669
4002,26.074013
4003,25.029642
4004,30.24412
4006,29.473906
4007,24.358854
4008,34.448303
4026,34.873005
4027,23.575083
4028,30.00538
4029,33.91101
4030,29.073048
4031,24.284584
4057,34.617775
4059,27.630629
4060,24.44363
4061,23.834929
4062,26.840456
4063,27.054825
4064,5.680391
4095,33.424454
4096,32.183292
4097,29.448143
4098,29.366755
4099,29.210701
4100,28.287933
4156,32.41742
4157,25.184458
4158,24.326382
4159,28.61669
4160,23.823107
4161,24.022465
4184,28.050415
4185,21.32594
4186,21.28748
4187,29.589136
4188,27.832087
4189,29.84754
4190,29.15408
4268,29.690685
4269,33.04781
4270,27.917086
4271,22.653429
4272,28.560047
4273,25.733715
4274,19.854137
4291,18.700642
4292,17.216301
4298,20.53591
4332,32.959915
4333,32.121616
4334,26.512594
4335,27.317593
4336,29.601372
4337,33.609592
4338,18.478508
4379,17.045975
4380,15.42774
4381,17.748594
4382,27.964996
4383,24.421005
4384,27.281033
4385,26.855352
4415,18.316723
4416,19.577763
4417,13.707397
4418,10.003224
4419,17.672533
4420,14.294153
4421,22.435469
4450,21.141977
4451,18.012094
4452,19.46091
4453,26.679068
4454,25.214798
4455,25.213434
4456,25.108053
4481,25.612589
4482,24.818008
4483,17.24725
4488,10.205733
4489,17.609772
4490,22.825203
4534,13.972351
4535,28.970558
4536,36.06512
4537,11.874255
4540,15.713079
4541,19.160107
4542,33.469303
4580,28.426098
4581,26.133087
4582,22.757074
4586,20.314058
4587,20.80663
4588,21.006506
4589,23.857761
4603,17.42086
4604,20.703598
4605,20.952526
4606,31.425972
4609,27.156908
4610,30.598322
4611,29.504547
4614,15.075877
4651,26.645586
4653,28.2143
4654,19.887375
4655,26.091574
4656,23.11609
4657,23.202536
4658,10.374474
4678,36.273808
4679,26.87344
4680,34.05158
4681,26.39491
4682,24.980984
4683,21.114895
4684,22.843397
4700,29.741228
4701,28.538853
4703,28.245773
4704,16.0457
4722,28.122334
4723,31.299559
4725,26.462212
4726,19.929111
4727,24.9551
4728,22.31976
4729,20.209558
4749,21.046572
4751,23.16273
4752,17.428251
4753,17.289042
4754,23.457666
4755,23.835264
4756,17.6881
4784,12.077419
4785,11.812293
4786,1.6821672
4787,15.220935
4788,13.462077
4789,16.244602
4791,18.489649
4824,29.943478
4826,27.871078
4827,23.838652
4828,24.539686
4829,23.354818
4830,27.83032
4831,20.759521
4866,24.46448
4867,34.474102
4868,28.748959
4869,25.23444
4870,27.456985
4871,24.383224
4905,18.75146
4906,20.529076
4907,21.024113
4909,19.785707
4910,22.614521
4922,22.12095
4923,21.50443
4924,19.380455
4925,26.812405
4927,27.118507
4928,24.770681
4929,27.713428
4963,22.118515
4964,20.868437
4965,28.119732
4970,18.190594
4971,20.067654
4972,17.324808
4973,20.997765
4979,15.226422
4980,18.616684
4981,21.46002
4992,18.444326
5004,17.163523
5005,21.148666
5006,18.320461
5007,25.7049
5009,26.838282
5010,24.958439
5011,28.508535
5021,15.121177
5022,15.56937
5023,21.077232
5025,15.864772
5026,17.862577
5027,18.250004
5028,27.069834
5067,29.718107
5068,29.601923
5069,20.751766
5082,24.632572
5083,27.43581
5084,32.024178
5086,21.871685
5087,24.860868
5088,22.116106
5089,31.287905
5090,30.425898
5091,26.69218
5092,23.224968
5093,30.961752
5094,34.629795
5095,32.609165
5096,21.18637
5110,25.250942
5111,29.702963
5112,30.380203
5114,27.423307
5115,25.313723
5116,19.506416
5134,29.38603
5135,32.734406
5136,26.868212
5137,27.612637
5138,24.274935
5139,22.534924
5140,25.833874
5151,16.155031
5152,22.996326
5153,19.907576
5154,24.942709
5155,26.39323
5156,24.5686
5157,26.203905
5169,21.630617
5170,26.50238
5185,27.020918
5186,25.01093
5187,26.656237
5193,22.286247
5194,24.508778
5201,20.742897
5202,27.727888
5208,33.302544
5209,18.085415
5222,28.767143
5223,33.13074
5224,33.388313
5226,22.309235
5227,29.422232
5228,25.811132
5229,21.377415
5230,18.738503
5231,18.273191
5232,18.118652
5233,20.933153
5235,23.965065
5236,21.811987
5237,24.628061
5268,29.576765
5269,31.767391
5270,25.503363
5272,25.606201
5273,28.227798
5274,25.263727
5275,19.037176
5302,26.428516
5303,32.242107
5304,30.31043
5305,28.049131
5306,24.39671
5307,24.522585
5308,22.400888
5310,24.659966
5315,27.57865
5316,29.649643
5317,33.673054
5318,33.27691
5319,21.439941
5332,24.884855
5333,29.952389
5334,34.65996
5335,28.39632
5336,24.615194
5337,19.337982
5352,25.173412
5353,31.328436
5355,23.633228
5356,25.666756
5357,17.754667
5358,28.144012
5359,18.467136
5360,16.527952
5361,21.529825
5362,21.770786
5364,23.224674
5365,21.494871
5384,19.459532
5385,21.56188
5387,35.415283
5388,35.098736
5389,23.10398
5399,33.087624
5400,34.122917
5401,28.445963
5402,24.609062
5403,30.392897
5404,31.295797
5405,20.260336
5418,21.817005
5419,29.97618
5420,26.428675
5422,27.422966
5423,20.349121
5424,21.088497
5425,21.580168
5426,25.913124
5427,21.786161
5429,24.315683
5430,24.778
5431,23.344597
5436,31.429958
5437,24.26607
5438,23.636017
5439,25.209532
5445,25.051678
5446,24.692806
5447,25.062473
5449,27.674326
5450,14.6132145
5473,22.823364
5474,22.871616
5475,27.837925
5476,34.1775
5477,20.752144
5501,28.8891
5502,26.213379
5503,19.2712
5504,20.803679
5505,24.5759
5506,22.86913
5507,24.237177
5508,25.09707
5509,23.866352
5510,22.742157
5511,26.49022
5512,27.831715
5513,25.608204
5514,27.75498
5529,32.571
5530,29.352924
5531,21.793678
5532,24.593454
5533,28.461199
5534,27.414116
5535,23.27908
5545,32.10414
5546,33.93864
5547,28.336239
5549,25.91287
5550,20.064634
5551,18.424732
5552,23.836424
5564,32.06282
5565,25.836374
5566,20.353813
5567,22.134045
5568,26.498785
5569,25.353725
5570,16.460512
5571,19.033537
5572,20.966208
5573,21.690714
5574,18.24701
5587,35.555946
5588,30.66215
5589,18.807018
5590,22.312086
5591,20.965143
5593,22.721167
5594,23.614445
5599,18.12248
5600,23.758274
5601,18.85558
5602,26.017342
5614,22.795732
5615,21.093521
5616,25.89659
5617,24.886292
5618,23.36402
5620,24.623518
5628,24.905195
5629,25.785975
5630,22.491978
5632,23.983028
5633,21.247766
5634,21.999163
5635,19.899096
5636,21.563925
5637,23.427782
5638,23.072779
5639,24.078
5641,24.468346
5642,25.710043
5643,23.374077
5652,24.642944
5653,26.75145
5654,23.768347
5657,24.337347
5658,23.450024
5663,19.858131
5664,26.86693
5665,21.879478
5666,23.752468
5667,21.715889
5668,22.220411
5669,21.196198
5673,25.018503
5674,23.22622
5676,24.847565
5677,16.819115
5694,23.648119
5695,19.713764
5696,24.651876
5697,23.547125
5698,18.92043
5699,18.118095
5700,23.452415
5713,24.159353
5714,23.736437
5716,22.084337
5717,23.474894
5718,23.717949
5719,23.969145
5720,24.715384
5721,24.671762
5722,26.73591
5723,21.157305
5724,24.425064
5725,23.71204
5727,25.64646
5728,24.646688
5736,23.844841
5737,20.761942
5739,22.532286
5740,22.043875
5741,21.534014
5742,22.944754
5743,23.95781
5748,25.99848
5749,19.96756
5750,20.761343
5751,21.639479
5753,23.133116
5754,22.943682
5763,23.052847
5764,20.98159
5765,21.984392
5767,21.53368
5768,25.566977
5769,19.446032
5770,24.767433
5775,23.627058
5776,19.2424
5777,19.831877
5778,21.609423
5779,22.96636
5781,21.635017
5782,24.573736
5791,25.971746
5792,23.023773
5794,22.957115
5795,21.133818
5796,24.616367
5799,21.851307
5800,19.029032
5801,20.848698
5802,25.104067
5804,24.661625
5805,24.561707
5806,24.168947
5815,24.185427
5816,22.76308
5818,22.279076
5819,20.40069
5820,21.679258
5822,21.486008
5823,23.544083
5824,20.579685
5825,23.161879
5827,24.756517
5828,24.206621
5837,24.810957
5839,18.848085
5840,21.972874
5841,24.19819
5842,22.603537
5843,24.014963
5844,24.008087
5845,22.814512
5846,21.643763
5847,23.413984
5848,23.929054
5849,26.593449
5851,26.149422
5852,25.269209
5863,23.564575
5864,25.736341
5866,22.528742
5867,24.18602
5868,19.532063
5869,23.329563
5870,25.312761
5871,21.288916
5872,21.31683
5873,20.233631
5874,23.78786
5876,22.59352
5883,27.513264
5884,26.012981
5886,21.291977
5887,24.131796
5888,22.924095
5889,24.90386
5890,24.059229
5891,24.695904
5892,25.426567
5893,21.875519
5894,23.130241
5895,25.933914
5896,24.474869
5898,15.709551
5905,22.458696
5906,24.411777
5908,21.590584
5909,26.543642
5910,23.362448
5911,25.777075
5912,22.424742
5913,23.490967
5914,24.63468
5915,17.57842
5916,16.830149
5917,24.29813
5919,14.788425
5920,27.405123
5926,31.620705
5927,23.534138
5928,24.730024
5929,27.207302
5930,28.735706
5931,29.6122
5932,22.256937
5942,34.143948
5943,29.28759
5944,30.28213
5945,29.066977
5946,30.35961
5947,25.994102
5948,21.753944
5957,31.24875
5958,32.6902
5959,35.381542
5960,27.487444
5961,22.611038
5962,15.591677
5963,20.697803
5970,23.911848
5971,25.548391
5975,24.743265
5976,25.727163
5977,26.431711
5978,26.254953
5979,25.99784
5980,26.505724
5981,25.79858
6001,24.830532
6002,24.96148
6003,23.7438
6004,23.153532
6005,24.86676
6006,23.415071
6007,25.634447
6008,27.82744
6009,26.06766
6010,27.820728
6011,27.003311
6012,29.387978
6013,26.47768
6014,23.883099
6017,27.33491
6018,25.85604
6019,24.837814
6024,23.895817
6025,19.844316
6026,24.532232
6027,20.673615
6028,23.997059
6029,23.390305
6030,24.202875
6036,23.666162
6037,23.304964
6040,23.299324
6041,25.043121
6046,33.42983
6047,31.781935
6048,28.751043
6049,30.566925
6050,24.56895
6051,23.135422
6052,23.051918
6053,25.509232
6054,25.782803
6056,26.215366
6057,26.408934
6058,25.5065
6061,23.445887
6062,24.054651
6067,23.077421
6068,23.041653
6069,20.847734
6070,23.314585
6071,24.306126
6072,24.644556
6073,23.507097
6074,19.86236
6078,24.571112
6079,24.606157
6082,26.284315
6083,23.082006
6084,23.129553
6085,26.384825
6086,24.85798
6087,25.657522
6088,26.967545
6089,27.967037
6090,26.146835
6091,24.45923
6092,26.570633
6093,26.430887
6094,26.988745
6095,20.89724
6096,28.747095
6097,24.530542
6098,27.146576
6099,25.734661
6100,24.394371
6101,27.49392
6102,20.402102
6103,25.860878
6104,23.726315
6105,26.224487
6107,27.614244
6108,27.166065
6109,25.695337
6110,26.84514
6111,28.06014
6112,27.503569
6113,26.429205
6114,21.261236
6115,26.580208
6116,27.94195
6117,24.806189
6118,29.187656
6119,26.12873
6120,26.722376
6121,20.163813
6122,27.521135
6123,29.917189
6124,29.442736
6125,26.076723
6126,28.13207
6127,26.526188
6128,29.76224
6129,27.810555
6130,28.638216
6131,27.327011
6132,26.72776
6133,27.589539
6134,28.601383
6135,25.253712
6136,25.993881
6137,30.180342
6138,26.359787
6139,27.902075
6140,26.27017
6141,29.757925
6142,29.274815
6143,29.522335
6144,30.283731
6145,26.742842
6146,27.992893
6147,26.96077
6148,27.630774
6149,27.170502
6150,28.06014
6151,27.503569
6152,26.429205
6153,21.261236
6154,26.580208
6155,23.256104
6156,27.75621
6157,26.443499
6158,20.300217
6159,27.169939
6160,25.56279
6161,25.43725
6162,29.086664
6163,21.645712
6164,25.652214
6165,18.514807
6167,26.15988
6168,26.682451
6169,24.581682
6170,26.163254
6171,23.954554
6172,25.803883
6173,24.886932
6174,26.301373
6175,25.87826
6176,25.430235
6177,22.935642
6178,25.517649
6180,18.804193
6181,26.28562
6182,27.366508
6183,26.726912
6184,27.162521
6185,23.456821
6186,26.59577
6187,26.469967
6188,23.97479
6189,29.119942
6190,27.297207
6191,26.46526
6192,25.755444
6193,26.457638
6194,26.596588
6195,19.146032
6196,26.998083
6197,27.349758
6198,27.140358
6199,26.32419
6200,29.371572
6201,25.343203
6202,26.332016
6203,20.568785
6204,22.759766
6205,24.610806
6206,26.809336
6207,25.935925
6208,28.26062
6209,26.518238
6210,27.029236
6211,26.124035
6212,23.007936
6213,27.22499
6214,25.104252
6215,26.62451
6216,26.48266
6217,16.561962
6218,22.439983
6219,23.87173
6220,23.783958
6221,26.913969
6222,27.512804
6223,25.435686
6224,27.7395
6225,26.142485
6226,20.501402
6227,25.381165
6228,17.71064
6229,27.878029
6230,24.414782
6231,24.346865
6232,12.634945
6233,8.719009
6234,24.948313
6235,15.655015
7041,13.8202095
7042,16.310993
7043,16.265093
7044,11.7861395
7045,11.35029
7046,11.589999
7047,20.306679
7656,16.68142
7657,22.998362
7658,18.199444
8092,35.7782
8093,32.81411
8094,30.665205
8095,19.808907
8096,28.109196
8097,21.761877
8098,9.979158
8248,27.673204
8249,27.049473
8250,18.637064
8406,29.97332
8407,35.65831
8408,31.252789
8409,27.83425
8410,25.54442
8411,28.10027
8412,22.39424
8637,23.73574
8638,20.314325
8639,25.143133
8640,29.32149
8641,28.22103
8642,32.86287
8643,28.48826
8698,27.881765
8699,29.876944
8700,22.50116
8701,18.691599
8702,22.48725
8703,25.236244
8704,18.798918
8885,18.0795
8902,21.618399
8903,25.788446
8904,21.258741
9051,24.717522
9052,23.027897
9053,27.506441
9054,20.199049
9055,23.53998
9056,25.591352
9057,19.649126
9058,13.470418
9363,39.322777
9364,34.35359
9365,29.202734
9366,33.269135
9367,40.91553
9368,30.6669
9386,13.233267
9387,13.969915
9388,19.379827
9389,19.438688
9391,21.255169
9412,23.318298
9414,19.390999
9415,18.328419
9416,14.835039
9417,17.666063
9418,17.071114
9419,25.374159
9434,26.61147
9439,28.47597
9440,36.951588
9441,38.12934
9442,26.430843
9459,36.25261
9460,40.18429
9461,30.474104
9462,35.902287
9463,34.30078
9464,23.060637
9479,19.367287
9480,14.926329
9481,19.857166
9482,20.830132
9524,39.23348
9525,42.40844
9526,37.371334
9527,32.99086
9528,30.503748
9529,28.435629
9545,21.425169
9551,37.6287
9552,24.212965
9569,18.477045
9570,26.574276
9576,25.079557
9577,18.886253
9578,27.433233
9630,18.134811
9643,26.734922
9644,29.117582
9645,34.12837
9650,24.586115
9651,25.631807
9668,29.831575
9669,23.4795
9670,32.912426
9673,27.060219
9674,27.26243
9675,36.87212
9694,20.812916
9699,34.58837
9700,39.02393
9701,21.294956
9721,26.05819
9723,17.074472
9724,36.224495
9725,22.789553
9741,17.901531
9742,11.555221
9743,19.240265
9745,19.964342
9754,17.247652
9756,9.488491
9757,16.28473
9758,7.034336
9759,19.949024
9825,36.893456
9826,30.837322
9827,35.28865
9828,37.71825
9829,25.131237
9864,41.383442
9865,35.974537
9866,30.380014
9867,34.907543
9868,27.122433
9884,11.71234
9885,12.967542
9886,17.509388
9888,18.201084
9893,27.122433
9913,19.401917
9915,17.333357
9916,30.82584
9917,31.563385
9918,26.185581
9919,21.001795
9939,42.888718
9940,40.36389
9941,32.695095
9942,35.71094
9943,31.751625
9944,29.386198
9945,24.413088
9962,17.33007
9963,22.603088
9964,24.62499
9966,20.777174
9967,30.726343
9989,33.87877
9990,33.6557
9992,27.545109
9993,28.27019
9994,23.498434
9995,27.753935
10014,43.008812
10015,34.587646
10016,17.667866
10054,30.400448
10055,30.711914
10056,33.591873
10058,30.046156
10059,23.781288
10060,18.59118
10099,35.126446
10100,38.50005
10101,35.276455
10102,29.403004
10103,30.099731
10126,19.891226
10131,16.848513
10132,38.17362
10133,19.92227
10155,37.36077
10156,34.61918
10157,34.762417
10158,31.551468
10159,30.415323
10160,22.353996
10176,24.648327
10182,37.077133
10183,35.330914
10184,28.11697
10200,13.6996155
10201,14.0927925
10202,22.666136
10208,18.871351
10209,19.90908
10210,24.904394
10221,26.17816
10227,30.027565
10228,40.514217
10229,25.957657
10247,38.0673
10248,38.617134
10249,33.91672
10250,35.575413
10251,31.96084
10252,22.185293
10279,23.226248
10281,32.269745
10282,36.34306
10283,41.2469
10284,14.021995
10312,33.843052
10313,36.92388
10314,36.80437
10317,34.809856
10318,28.211018
10319,37.574623
10320,25.830246
10349,24.84811
10350,37.6618
10351,34.561436
10352,20.444128
10446,18.44499
10447,31.031944
10448,30.38491
10449,25.40964
10450,23.923618
10531,41.809628
10532,30.896225
10533,24.965794
10534,32.06891
10535,36.20614
10536,22.360394
10576,15.605199
10581,36.4348
10582,25.715242
10633,41.80008
10634,45.351192
10635,32.53179
10636,29.934227
10637,34.155346
10638,37.93638
10639,23.97582
10658,37.924675
10659,32.860157
10660,36.76913
10661,33.329697
10662,30.899982
10663,31.776222
10664,14.781287
10665,14.180988
10666,16.397665
10667,6.8262787
10668,16.557028
10669,20.05496
10671,32.073433
10672,18.39186
10720,15.624182
10721,18.42855
10723,11.650551
10724,15.272986
10725,10.09847
10726,8.961824
10727,28.536606
10747,39.246258
10748,41.09032
10749,27.765066
10821,21.842587
10900,10.149518
10901,32.12359
10902,32.204967
10903,23.035738
10963,30.809763
10964,33.250404
10965,40.84707
10966,35.043865
10967,23.977547
11144,9.180407
11174,32.144535
11175,30.167767
11176,35.303867
11178,24.655851
11179,25.629337
11180,22.972342
11212,33.013256
11213,32.241783
11214,38.664062
11215,28.930222
11274,26.056463
11275,23.743963
11276,32.684464
11277,33.5639
11279,30.090532
11280,33.634457
11306,30.931013
11307,32.699974
11309,20.824873
11310,17.700605
11311,23.455872
11312,30.464224
11313,8.840681
11334,37.358543
11335,37.939526
11336,33.673744
11337,27.87145
11338,35.93291
11339,18.718178
11340,18.191172
11341,20.867516
11342,23.986311
11343,26.07111
11344,26.275124
11345,27.105555
11346,25.049887
11378,29.794174
11379,30.234112
11380,24.87081
11381,23.507265
11382,19.452602
11383,19.01087
11384,30.529911
11409,29.359558
11410,29.783207
11411,33.41225
11412,33.767113
11440,24.53307
11441,24.634134
11442,19.607943
11443,26.8759
11465,28.053318
11466,28.317314
11467,29.971361
11468,34.581085
11499,29.09693
11500,30.486706
11501,33.293827
11502,26.006428
11503,25.190775
11504,22.247408
11505,24.982103
11690,32.48778
11691,40.387688
11692,23.912886
11693,26.464735
11694,31.040602
11941,13.825005
12297,18.584768
12298,31.04544
12299,15.900598
12300,19.033123
12346,13.73977
12347,9.488387
12348,9.666661
12349,13.619721
12350,12.517471
12351,14.061476
12505,10.025326
12506,25.578196
12566,27.627165
12567,27.016705
12568,25.19575
12572,22.25362
12627,39.963837
12628,32.15625
12629,28.450981
12630,18.321917
12672,28.574488
12673,32.50898
12675,28.607521
12676,28.251955
13272,32.090214
13274,31.892607
13275,24.1684
13276,20.383512
13277,21.462666
13278,15.860301
13279,13.70581
13398,13.472718
13399,21.767267
13401,22.144867
13407,32.39495
13408,18.867096
13546,15.114613
13548,44.27717
13549,35.510757
13550,21.87107
13588,27.598
13589,21.939722
13590,29.78646
13592,23.58467
13593,28.360962
13594,30.776712
13653,32.092846
13654,37.52517
13655,19.025135
13727,21.131882
13728,18.537846
13729,36.42559
13735,19.37194
13736,24.971384
13737,27.13005
13738,22.453568
13884,17.770739
13885,13.474118
13886,10.551441
13887,21.748354
13888,26.108692
13889,23.670158
13890,26.528286
14030,30.471474
14031,40.703327
14032,32.27041
14033,16.64489
14315,31.619438
14316,29.077997
14317,25.72582
14360,36.70006
14361,31.44312
14362,35.93846
14363,22.650448
14364,39.543262
14365,23.295126
14469,25.520893
14474,32.079475
14475,30.598219
14476,26.710949
14477,15.918866
14537,34.833565
14643,20.417652
14644,19.905363
14645,28.98779
14763,19.953901
14764,28.975035
14765,24.731398
14771,25.003042
14772,13.754093
14773,16.80817
14774,22.873629
15109,12.208916
15110,13.870332
15111,24.749413
15327,32.787098
15328,34.27714
15329,39.181934
15331,19.667995
15332,26.978922
15333,25.074415
15334,21.812809
15395,21.827662
15486,34.39719
15488,28.783758
15489,29.54581
15490,22.010347
15491,21.603775
15492,25.885675
15493,22.611465
15579,27.617048
15614,31.654724
15615,35.3824
15617,23.425966
15618,24.333227
15619,21.663198
15620,29.533276
15621,17.38323
15668,29.03373
15670,34.330482
15671,28.946629
15672,22.764866
15673,28.493546
15674,29.532543
15758,22.395504
15763,34.634403
15764,30.815554
15765,22.085028
15808,37.33568
15809,37.70775
15810,26.89835
15811,28.007914
15812,22.611767
15869,32.545444
15870,31.72974
15872,21.110083
15873,30.42938
15874,27.40221
15875,15.7079935
15907,40.916565
15908,41.406616
15909,34.12767
15910,32.773968
15911,30.777094
15912,20.840185
15913,22.188345
15941,37.741604
15942,27.830612
15943,28.759201
15944,27.595474
15945,31.244595
15946,24.520784
16015,31.39416
16017,31.439192
16018,27.376534
16019,29.78744
16020,24.483286
16021,19.300581
16022,24.061964
16065,28.105415
16070,38.10219
16071,12.000629
16130,19.712603
16131,22.91019
16132,30.73836
16137,22.946526
16162,24.291248
16163,35.378674
16166,30.335443
16167,32.821808
16168,32.213
16196,32.452896
16197,27.73913
16198,32.08503
16202,28.653568
16203,22.3738
16204,19.461565
16205,23.383179
16262,22.036165
16263,26.350845
16265,30.9966
16266,31.887695
16267,18.674137
16294,26.825167
16295,22.909605
16296,17.634716
16297,32.45559
16299,30.58655
16300,29.931759
16301,27.0467
16556,29.022049
16557,32.85602
16558,31.928959
16559,24.692936
16649,26.087387
16650,32.84651
16651,28.25403
16652,15.901273
16653,27.64117
16654,28.202787
16655,26.04529
16656,26.532461
16657,19.232973
16774,23.690624
16823,42.6687
16824,29.782015
16825,28.111366
16826,31.082266
16827,31.099625
16828,27.34706
16829,29.860294
16830,31.24318
16831,25.92259
16832,23.199694
16843,26.702078
16860,19.352747
16862,18.736162
16863,16.329426
16864,15.893617
16865,18.482708
16866,21.457907
16867,23.983795
16868,22.331543
16869,25.841864
16870,25.955275
16871,28.871693
16872,29.148268
16873,26.656324
16875,30.615105
16878,30.873222
16879,30.466011
16880,31.26267
16881,28.972479
16882,29.511736
16883,26.412474
16884,21.880468
16973,35.716457
16974,36.842945
16975,21.612034
16976,29.651579
16977,30.07256
16978,30.08442
16979,29.264053
16980,28.67898
16981,29.18106
16982,29.381882
16983,23.20715
16984,29.08751
16985,30.67673
16986,28.977757
16987,25.451216
16988,30.668348
16989,29.39465
16990,27.4339
16991,27.767874
16992,30.966831
16993,29.431803
16994,28.097712
16995,25.906334
16996,30.55359
16997,28.698406
16998,28.629627
16999,31.063892
17000,29.870235
17001,28.200151
17002,29.731133
17003,26.312248
17004,29.698544
17005,25.360249
17006,27.56934
17007,30.777122
17008,20.665089
17009,26.391134
17010,31.235447
17011,29.17679
17012,28.281313
17013,26.597672
17014,22.49762
17015,29.193085
17016,30.069763
17017,27.87056
17018,22.55263
17019,18.829483
17020,26.618822
17021,29.379934
17022,28.407846
17023,27.488466
17024,26.562838
17025,28.255552
17026,32.42487
17027,26.204943
17028,28.090168
17029,29.601006
17030,26.400587
17031,29.683748
17032,29.1596
17033,29.145628
17034,25.936234
17035,24.329485
17036,30.079988
17037,31.643225
17038,23.785524
17039,26.409494
17040,28.303598
17041,29.886591
17042,26.898336
17043,32.376667
17044,30.71351
17045,24.07344
17046,28.992752
17047,29.62987
17048,28.951336
17049,22.19369
17050,5.7217264
17051,6.860248
17052,21.322126
17053,8.528856
17054,0.042045105
17055,19.250769
17056,26.662134
17057,28.855314
17058,29.922182
17059,33.815468
17060,25.314682
17061,30.727676
17062,24.820631
17063,28.68341
17064,26.86759
17065,31.070307
17066,29.302063
17067,30.416992
17068,30.843264
17069,28.695423
17070,26.284498
17071,30.548012
17072,25.747377
17073,29.33374
17074,32.583797
17075,30.135246
17076,32.58846
17077,29.144293
17078,30.114431
17079,26.746851
17080,23.985334
17081,16.69308
17082,27.612663
17083,28.39452
17084,28.157583
17085,30.13891
17086,27.04352
17087,29.239225
17088,32.073692
17089,25.497143
17090,17.012135
17091,26.857056
17092,28.388252
17093,29.354996
17094,28.03862
17095,31.126835
17096,26.20678
17097,30.546017
17098,17.431145
17099,24.041767
17100,23.813663
17101,17.273987
18099,18.814758
18100,14.343241
18101,7.9447203
18102,27.202814
18103,22.23773
18384,16.917528
18697,21.305153
18838,14.532417
18839,24.481167
18841,24.719538
18846,17.191002
18947,36.225773
18949,26.251486
19662,28.970116
19663,26.857048
19664,28.65454
19665,17.76629
19666,13.074509
19667,19.954943
19668,23.819199
19716,15.180615
19717,13.735634
19718,14.259655
19719,17.519764
19720,18.236216
20639,21.818863
20640,18.328047
20641,15.455071
20642,13.797039
20643,24.307089
20682,28.951694
21070,11.662129
21071,13.110189
21072,3.8619084
21073,10.610548
21074,7.336632
21075,22.75258
21331,29.583128
21332,33.675205
21333,35.06919
21334,33.75398
21335,27.52376
21338,25.098848
21339,25.708021
21345,18.230782
21353,31.114548
21354,26.81349
21355,31.488777
21356,35.326214
21357,36.334118
21358,19.837978
21359,26.568949
21367,40.19075
21368,29.088953
21369,31.474651
21370,31.631065
21371,26.842222
21372,30.830942
21373,31.53199
21374,31.462122
21375,33.05093
21376,27.713032
21377,13.375387
21378,28.73187
21379,28.561369
21380,23.944635
21381,28.09976
21382,29.198153
21383,31.262865
21384,28.781124
21385,29.544205
21386,24.498741
21387,18.806978
21388,28.337278
21389,29.633472
21390,30.604713
21391,25.48147
21392,9.314383
21393,25.682241
21783,29.673956
21784,14.58274
21785,19.196188
21786,27.66182
21787,38.5861
22173,26.28951
22174,18.784348
22175,13.378104
22176,20.600897
22177,26.847317
22178,26.409773
22179,28.496643
22246,38.36883
22247,26.092402
22248,17.358
22249,25.203823
22250,22.000238
22251,29.187449
22252,16.600899
24703,22.451822
24704,29.088827
24705,18.108158
24706,26.28357
24707,30.300879
24775,23.545221
24776,30.556665
24777,31.921164
24778,35.11991
24779,35.55125
24780,13.947628
24781,21.731903
24782,17.645184
24783,11.680809
24784,10.543062
24785,23.345945
24786,21.948124
24787,22.024359
24815,36.210712
24816,21.435726
24817,15.273868
24818,22.51791
24819,34.25969
24820,31.903437
24821,27.085798
24830,20.232677
24831,33.679653
24832,36.42189
24833,32.217224
24834,30.789995
24835,22.931223
24836,24.724712
24837,24.142828
24859,22.799847
24860,32.764294
24861,34.556244
24862,33.852818
24863,16.101812
24864,17.18282
24865,20.160694
24866,17.95105
24867,23.81767
24868,21.976856
24869,22.864975
24891,22.033602
24892,19.546919
24893,20.864183
24901,38.43501
24902,34.094944
24903,32.906384
24904,26.37649
24905,32.308884
24906,22.964214
24917,34.581
24918,26.270746
24919,39.472713
24920,26.611183
24921,25.097927
24932,34.753563
24933,35.87265
24934,32.47265
24935,33.67668
24936,32.722218
24937,22.664753
24938,24.867685
24939,26.641191
24940,27.273417
24947,35.374557
24948,26.136414
24955,21.001099
24956,29.09056
24959,27.382774
24960,21.79366
24961,18.482689
24962,16.62079
24963,21.812075
24964,18.87398
24965,22.503391
24966,22.961887
24967,26.069338
24989,19.323381
24990,20.28988
24991,22.18092
24992,17.99944
24993,19.280624
24994,26.225193
25003,34.99457
25004,36.07126
25005,22.864107
25006,35.681442
25007,37.017845
25008,25.041922
25018,31.450197
25019,37.854973
25020,36.19255
25021,24.379898
25022,26.049568
25023,21.990374
25024,25.342417
25025,24.004917
25026,27.588408
25031,27.885077
25032,25.137259
25033,28.379198
25045,39.120308
25046,34.578266
25047,32.338802
25048,34.5442
25049,33.62899
25050,24.210026
25051,24.603619
25052,26.085634
25060,43.074448
25061,28.34186
25070,39.197575
25071,28.37369
25072,29.182175
25073,31.864197
25074,34.106926
25075,34.157608
25076,18.100746
25077,24.12023
25078,26.557783
25079,27.19227
25091,25.349264
25092,25.060686
25093,23.77706
25094,28.338886
25095,26.62251
25103,27.213821
25104,28.695942
25106,23.308153
25107,26.34104
25108,17.1432
25109,22.208405
25110,22.456919
25111,28.511961
25114,25.071785
25115,28.41451
25128,27.50732
25131,36.385212
25132,24.002506
25133,23.289429
25134,25.469498
25135,19.384697
25136,20.292595
25137,23.723152
25138,27.832285
25141,28.074757
25142,26.285532
25147,28.176495
25148,30.293308
25151,23.972042
25152,27.327051
25153,26.313904
25154,24.49797
25155,24.46963
25156,25.98901
25159,29.16512
25160,27.862282
25166,21.336838
25167,25.59267
25172,20.30783
25173,23.543785
25176,24.937126
25177,19.418049
25178,19.780897
25179,23.402258
25180,27.532463
25184,29.72746
25185,27.503859
25190,25.92117
25191,26.241581
25196,20.759916
25197,28.584312
25200,22.995964
25201,27.386377
25205,21.986563
25206,27.054007
25211,27.202593
25212,25.006035
25220,22.91904
25221,23.981153
25224,23.141296
25225,27.423868
25226,27.096386
25227,21.284327
25228,30.050169
25231,28.682863
25232,24.522848
25238,22.539803
25239,25.7424
25242,32.976566
25243,17.534098
25244,22.680424
25245,20.604502
25246,26.65616
25249,24.404947
25250,25.140226
25254,30.859018
25255,30.14348
25256,30.776947
25257,29.516296
25258,27.54809
25259,21.713392
25260,27.049318
25261,23.504076
25262,26.984917
25263,28.086351
25264,29.467512
25275,27.84167
25276,29.72009
25277,27.903591
25278,28.822903
25279,25.29903
25280,24.06384
25281,22.401112
25282,27.339745
25283,27.964756
25284,24.33408
25293,25.675348
25294,24.051205
25295,26.18188
25296,20.584856
25297,24.709808
25305,28.842783
25306,24.147457
25307,23.391647
25308,21.795835
25309,26.861973
25310,24.869162
25311,23.930315
25312,23.939058
25313,21.69524
25314,25.896639
25315,25.668928
25316,27.262665
25327,26.70642
25328,23.551859
25329,25.303825
25330,22.529585
25339,26.42197
25340,25.412724
25341,25.475292
25342,23.939875
25343,20.092203
25344,20.642324
25345,22.890856
25346,23.26405
25347,24.249401
25348,26.922209
25349,24.892605
25350,28.317112
25351,28.571476
25352,27.2967
25360,27.884184
25361,23.926584
25362,25.018032
25363,21.42445
25364,21.186083
25365,21.221764
25366,25.570908
25367,20.637846
25368,24.140135
25369,25.700508
25376,23.90446
25377,25.989933
25378,28.410109
25379,28.903927
25380,27.72613
25381,28.119759
25382,29.050432
25383,27.066582
25384,26.59603
25385,28.471842
25390,22.402063
25391,21.550993
25392,23.345383
25393,23.470238
25394,22.421059
25395,24.50023
25396,26.38936
25397,17.14331
25401,29.208082
25402,29.328175
25403,27.038698
25404,27.080376
25409,25.309752
25410,16.935022
25411,22.360394
25412,23.09481
25413,24.257687
25414,20.120424
25415,21.637587
25416,23.39558
25417,17.646519
25422,26.967262
25423,28.628195
25424,28.09877
25425,28.441582
25429,24.511724
25430,26.327215
25431,22.89929
25432,25.33285
25433,21.257261
25434,17.729393
25435,21.092163
25436,25.724201
25437,21.873293
25438,28.227798
25444,26.596588
25445,27.120293
25446,29.83543
25447,29.384447
25452,23.155928
25453,24.92314
25454,24.681942
25455,25.783466
25456,19.67237
25457,20.223108
25458,24.634716
25459,30.57487
25465,26.848457
25466,24.746597
25467,21.600212
25474,23.27007
25475,26.282053
25476,25.095701
25477,24.037916
25478,26.146679
25479,20.87191
25483,28.166353
25484,30.101597
25485,30.57621
25486,25.66973
25487,26.531273
25488,28.60879
25489,30.244955
25490,28.364004
25491,31.622364
25492,30.161755
25493,30.072
25494,26.065287
25498,30.721436
25499,24.566051
25501,26.330341
25502,28.554234
25503,26.781551
25504,25.776176
25505,26.965899
25506,26.277122
25507,20.44071
25508,25.102894
25509,22.325235
25511,28.993776
25512,27.505917
25517,29.882986
25518,22.999874
25520,24.267765
25521,27.025982
25522,26.629557
25523,23.944733
25524,28.615734
25525,23.257738
25526,25.910122
25527,24.02149
25529,30.120564
25530,24.211279
25533,24.620764
25534,22.36244
25537,21.307785
25538,24.897573
25539,22.396486
25540,24.580969
25541,19.70299
25542,27.622883
25543,27.386873
25544,29.82007
25545,22.325027
25546,22.821917
25547,23.647888
25548,27.388336
25549,21.896343
25551,27.300625
25552,27.271532
25557,25.929377
25558,19.627016
25560,22.517368
25561,23.46548
25562,24.900415
25563,25.06261
25564,31.655674
25565,29.1294
25566,22.348816
25567,25.386333
25568,25.343403
25569,32.061123
25570,28.83097
25571,28.83097
25572,29.116194
25573,25.656311
25574,24.79706
25575,22.975271
25576,23.483032
25577,22.100471
25578,25.64934
25579,6.6407804
25581,27.94548
25582,24.100494
25585,29.374123
25586,31.089083
25587,31.284325
25588,27.703823
25589,31.528473
25590,29.132553
25591,27.269672
25592,25.582703
25593,26.690405
25594,25.52741
25598,23.731785
25599,20.795382
25600,25.104784
25601,31.795048
25602,32.30251
25603,31.309036
25604,30.311975
25605,13.359206
25606,28.270594
25607,28.270594
25608,13.359206
25609,30.311975
25610,27.233223
25611,31.309036
25612,32.30251
25613,31.795048
25614,28.371689
25615,30.82321
25616,26.814724
25617,28.026163
25618,23.064138
25619,29.84428
25620,29.374123
25621,28.091576
25622,27.74233
25623,26.763494
25624,30.318323
25625,31.089083
25626,27.569813
25627,30.937386
25628,30.719267
25629,28.488966
25630,29.043007
25631,29.306505
25632,29.243591
25633,28.930538
25634,21.739805
25635,28.507515
25636,25.484581
25637,29.367245
25638,30.415323
25639,30.57764
25640,29.853931
25641,28.998919
25642,27.094162
25643,29.498442
25644,31.115185
25645,30.182674
25646,28.199587
25647,15.01592
25648,9.111966
25649,28.17992
25650,31.333605
25651,21.31784
25652,28.80787
25653,30.861712
25654,30.605705
25655,24.987993
25656,25.898918
25657,21.709852
25658,27.959677
25659,28.144844
25660,19.943537
25661,29.088953
25662,30.173378
25663,27.5716
25664,28.49262
25665,28.216291
25666,26.615688
25667,28.496561
25668,27.209229
25669,28.540567
25670,27.122433
25671,23.609282
25672,28.302452
25673,28.540459
25674,30.026278
25675,26.928732
25676,27.471287
25677,20.143776
25678,23.007036
25679,22.216946
25680,19.309635
25682,22.240599
25683,17.500256
25684,24.735065
25685,24.575096
25686,29.853361
25687,28.319853
25688,27.895302
25689,31.34979
25690,26.292564
25691,24.256618
25692,28.546488
25693,27.49215
25694,29.483845
25695,28.842453
25696,26.63032
25697,23.073967
25698,29.276615
25699,28.512014
25700,11.059954
25701,27.880129
25702,28.856333
25703,23.78485
25704,28.467293
25705,29.298807
25706,26.748516
25707,29.085665
25708,29.639282
25709,29.974749
25710,32.272423
25711,24.2398
25712,28.799864
25713,18.641943
25714,28.482038
25715,31.613499
25716,29.843313
25717,27.82305
25718,27.132717
25719,31.762028
25720,29.768896
25721,25.386333
25722,30.819447
25723,30.275127
25724,30.029541
25725,29.101967
25726,17.280107
25727,28.247309
25728,28.4485
25729,21.525904
25730,28.804863
25731,30.652851
25732,33.187504
25733,29.592016
25734,24.289314
25735,24.761961
25736,23.141836
25737,23.090696
25738,26.654577
25739,27.833506
25740,24.435408
25743,27.231035
25744,30.81357
25745,31.681633
25746,31.994476
25747,32.211052
25748,29.340063
25749,27.374784
25750,19.464275
25751,29.222431
25752,27.222212
25753,24.215153
25757,20.257423
25758,17.174799
25759,24.541622
25760,17.120577
25761,29.885052
25762,31.25282
25763,30.254
25764,27.201399
25765,29.596008
25766,29.161892
25767,20.527891
25768,27.64999
25769,28.754883
25770,29.622086
25771,29.135122
25772,26.514996
25773,29.565626
25774,27.511295
25775,18.64831
25776,27.928936
25777,31.807178
25778,30.98429
25779,24.843359
25780,28.269974
25781,33.13336
25785,21.707674
25786,23.773556
25807,21.982515
25808,17.637966
25809,18.52256
25810,18.26405
25811,16.509493
25812,19.592022
25813,17.264027
25814,20.487408
25815,21.503124
25816,24.210743
25837,22.18424
25838,18.93301
25839,20.806639
25840,20.393246
25841,18.556913
25842,20.865711
25843,21.36834
25844,20.15505
25845,24.61216
25854,41.06157
25855,18.957035
25856,22.281572
25857,18.98507
25858,17.646236
25859,24.552626
25866,20.678406
25867,28.281313
25873,24.550179
25880,39.245678
25881,34.50418
25882,29.408346
25883,23.632202
25892,33.476917
25893,34.255116
25894,38.143524
25895,36.45068
25896,23.911808
25906,38.731026
25907,35.0721
25908,33.51143
25909,32.644997
25910,29.537022
25911,18.457773
25912,21.435286
25913,23.179066
25914,24.205761
25925,30.338047
25926,20.85645
25927,23.86955
25933,21.686298
25934,27.648012
25939,36.99009
25940,23.397064
25950,30.54973
25951,34.644512
25952,38.458054
25953,36.470066
25954,23.86955
25959,26.323229
25973,36.0623
25974,39.500446
25975,33.961777
25976,35.749924
25977,30.16246
25978,17.852938
26054,37.172104
26055,36.836815
26056,33.41808
26069,21.85496
26072,21.634512
26073,25.287964
26082,16.576283
26083,22.093613
26086,28.565659
26091,34.18133
26092,15.750497
26205,27.603909
26206,32.961536
26207,33.090214
26208,37.63394
26209,34.166664
26210,19.645046
26211,15.275426
26212,22.045788
26221,33.92054
26222,18.058662
26223,23.083986
26230,23.986431
26231,29.366419
26245,33.319317
26246,37.001522
26247,30.078884
26248,26.445763
26249,32.551853
26250,18.467
26251,19.922071
26252,24.914852
26262,36.79319
26263,18.394188
26264,15.682248
26265,25.715996
26272,14.468595
26273,29.783918
26285,20.411112
26286,25.349197
26293,19.497623
26294,34.85701
26295,25.39585
26307,35.64291
26308,33.37857
26309,36.769604
26310,34.65449
26311,32.81938
26312,34.22403
26313,28.154322
26314,28.834326
26315,31.809301
26316,18.253633
26329,42.810585
26330,28.319786
26332,29.180435
26333,37.209488
26334,33.40086
26335,19.996668
26349,28.307177
26350,27.877325
26351,26.008064
26352,25.083378
26353,23.205828
26354,20.942389
26379,27.946014
26380,32.31446
26381,33.963154
26382,39.678368
26383,34.7654
26384,11.028851
26398,37.232864
26399,33.236614
26400,30.031046
26401,23.797556
26413,30.74799
26414,23.10605
26415,26.530405
26416,26.986435
26417,22.826073
26418,19.408754
26419,23.925991
26429,40.29207
26430,31.468708
26431,20.517475
26443,35.209064
26444,25.133717
26445,31.929094
26446,27.175146
26447,22.330006
26459,37.32861
26460,33.49892
26461,35.190804
26462,31.851027
26463,29.00199
26464,26.57993
26465,27.592552
26466,27.238144
26467,28.576817
26468,29.23213
26469,28.095152
26470,25.026587
26493,37.14558
26494,33.530228
26495,37.8985
26496,33.982185
26497,31.022297
26498,30.070839
26499,20.806604
26500,23.727089
26510,30.070192
26511,22.092985
26526,32.831512
26527,26.596455
26528,19.949326
26529,27.6985
26530,29.352
26531,25.656017
26541,34.467133
26542,35.967075
26543,30.49239
26544,29.90846
26545,34.046917
26546,20.749184
26547,24.302898
26558,36.79493
26559,33.08398
26560,19.572908
26561,26.194017
26568,18.804928
26569,29.594358
26574,34.93222
26575,33.852818
26576,20.846704
26577,20.360472
26578,23.396479
26579,25.774813
26589,19.717989
26590,23.177202
26596,20.293325
26597,28.65298
26606,23.179066
26607,24.205761
26614,17.2801
26615,17.548794
26616,16.229347
26617,20.353449
26618,20.742216
26624,17.796875
26625,28.235296
26706,20.87613
26707,21.803013
26710,19.497623
26711,17.841461
26712,16.149551
26713,11.583557
26714,15.022778
26715,13.533322
26716,24.68147
26719,19.48515
26720,28.30129
26769,26.563223
26770,26.548267
26775,18.145079
26776,18.907104
26777,13.231396
26778,15.388279
26779,27.880129
26812,21.40965
26813,22.056496
26816,34.962097
26817,33.785603
26818,7.609132
26851,25.2768
26856,28.900908
26857,32.38406
26858,34.369907
26859,24.980888
26918,17.41807
26919,22.53146
26924,23.855856
26925,21.195621
26996,22.010767
26997,27.155361
27001,20.439716
27002,17.078169
27003,18.782686
27004,20.030222
27005,19.208155
27006,17.827864
27007,25.687967
27011,21.432972
27012,25.184362
27017,27.864195
27025,32.777
27026,38.635017
27027,20.6175
27058,25.367432
27063,17.56488
27064,24.300581
27067,14.212121
27110,21.595243
27111,24.991135
27112,26.590622
27113,27.63412
27116,27.750599
27117,23.591372
27132,26.635374
27135,35.466557
27136,26.555624
27137,29.648455
27138,27.169918
27139,29.520758
27140,26.302677
27141,30.873547
27142,31.416563
27143,31.570053
27144,33.69898
27145,29.194422
27146,12.064702
27147,28.66684
27148,27.87056
27149,22.55263
27150,30.069763
27151,26.597672
27152,28.261145
27153,29.516972
27154,27.646734
27155,19.253904
27169,20.668108
27170,16.863985
27171,35.650066
27175,29.047342
27176,31.992601
27178,24.445927
27194,24.327785
27197,18.238523
27198,27.222187
27202,25.563887
27223,34.3386
27224,36.751793
27225,29.537035
27226,37.305244
27227,31.017653
27228,23.987055
27258,37.583855
27259,32.216858
27260,38.27091
27261,32.117172
27262,31.15833
27263,22.213196
27284,33.761948
27285,30.498438
27286,44.301285
27287,35.63951
27288,14.023556
27289,18.250174
27290,18.042048
27291,23.576668
27294,21.364326
27330,38.268536
27331,38.66327
27332,35.947563
27333,32.717083
27334,23.618706
27382,17.646076
27383,25.966738
27386,30.71045
27387,33.963234
27388,22.96054
27407,35.350376
27408,31.208054
27409,32.51115
27410,36.303032
27411,38.184708
27412,21.54467
27423,34.962414
27424,34.33762
27425,40.357327
27427,29.2526
27428,27.603054
27429,21.192776
27441,36.204876
27442,29.352028
27443,34.79296
27444,34.148815
27445,24.211712
27472,19.218567
27473,15.47654
27474,14.8987665
27475,18.540926
27476,21.50262
27477,24.07762
27479,22.17643
27487,14.810609
27517,29.739428
27522,33.923756
27523,37.96528
27524,23.346697
27535,24.167616
27536,33.303547
27539,33.970345
27542,28.085266
27543,7.704533
27578,22.333364
27579,26.687452
27581,14.072956
27582,16.543863
27583,16.321844
27584,16.790684
27585,18.534199
27599,24.554527
27600,23.970476
27603,21.361626
27604,30.125145
27624,11.12576
27625,24.253016
27627,13.688005
27628,9.465621
27629,10.488349
27630,19.675425
27658,24.23197
27664,40.7808
27665,33.582535
27666,26.256876
27676,26.543287
27677,24.195438
27678,29.620886
27679,28.81202
27683,32.739056
27684,28.473063
27685,24.093504
27699,32.23685
27700,32.822075
27701,36.80023
27705,25.514376
27706,25.056875
27707,13.95119
27726,34.976906
27727,31.031693
27728,23.430948
27729,25.605774
27730,28.35493
27731,25.63095
27732,26.147501
27744,22.769627
27745,22.245277
27746,20.278135
27747,28.02476
27748,28.641535
27749,29.061861
27750,32.939415
27775,35.04928
27776,30.212452
27777,38.22096
27778,39.996853
27779,14.790019
27793,19.294863
27794,28.227516
27795,31.230413
27797,29.538515
27798,33.351048
27820,31.497427
27821,36.80023
27823,25.566904
27824,29.353664
27825,22.950499
27826,25.353603
27827,22.072136
27878,15.783619
27881,39.015984
27882,34.314835
27883,39.019875
27884,14.3248415
27887,13.533291
27888,17.143343
27913,36.60825
27914,43.528194
27915,23.735249
27917,25.466808
27928,23.049873
27929,26.736025
27930,34.83978
27932,29.323658
27933,31.594917
27934,26.582634
27950,28.681908
27951,32.505943
27952,35.3359
27954,25.881418
27955,23.173573
27956,30.300545
27957,20.88908
27972,29.15711
27973,31.596891
27974,28.096437
27975,24.155006
27976,27.371847
27977,15.859579
28006,38.316868
28007,34.26557
28008,26.720457
28009,34.183907
28010,37.002247
28011,18.844906
28025,28.100445
28026,26.068325
28027,31.760862
28028,30.8883
28029,35.67032
28030,31.650331
28048,29.584482
28049,26.576431
28050,20.922087
28051,22.567495
28052,25.770542
28053,23.229044
28063,27.941565
28064,29.580744
28065,27.964157
28066,30.612755
28086,23.973436
28087,23.597042
28088,20.357588
28099,29.819843
28100,29.500158
28101,27.67665
28107,25.350649
28108,21.532858
28109,14.229111
28110,25.45585
28115,20.14674
28116,28.9982
28124,43.191517
28125,34.503704
28126,15.215347
28139,39.656387
28140,35.37469
28141,42.002296
28142,27.965343
28153,21.415747
28154,27.455284
28155,30.019363
28156,32.670345
28157,32.240017
28174,31.428656
28175,30.418224
28176,25.115656
28177,27.397963
28178,23.256453
28179,21.349977
28191,38.743866
28192,32.73559
28193,36.30144
28194,27.164213
28195,33.7412
28196,21.636286
28208,23.105528
28209,20.071138
28210,21.432016
28211,31.460337
28212,26.931036
28213,32.60517
28215,34.753464
28231,29.82701
28234,28.111889
28235,20.189236
28236,24.455143
28237,25.788054
28238,21.605873
28250,29.148935
28251,26.817684
28252,30.296745
28254,35.278458
28271,36.768917
28272,39.22274
28273,35.3795
28274,27.96757
28275,24.520515
28285,23.478548
28286,22.065207
28287,28.207561
28288,29.900347
28289,32.72818
28290,30.025389
28307,27.182547
28308,30.68798
28309,26.138514
28310,22.997429
28311,26.103788
28312,25.055895
28313,26.963488
28329,24.993952
28330,21.84267
28331,29.220186
28332,26.022789
28333,28.754868
28334,28.951694
28343,18.554874
28344,18.440413
28345,19.391973
28346,20.916166
28347,26.359938
28387,33.742085
28388,36.41158
28389,28.589138
28391,32.23714
28392,29.505419
28393,24.361393
28394,23.71938
28404,23.852148
28405,25.107695
28406,30.612915
28408,27.730322
28409,26.796562
28410,32.246475
28423,34.80745
28424,33.964546
28425,29.451315
28427,27.864845
28428,30.076159
28429,22.463982
28438,28.641903
28441,25.253368
28442,27.063187
28443,39.500954
28461,27.107841
28462,33.345306
28463,30.09333
28465,25.527508
28466,22.355595
28467,21.93524
28477,30.086027
28493,27.623396
28501,37.432865
28502,39.74235
28503,24.561144
28524,37.31599
28525,31.941978
28526,30.950533
28527,11.931506
28555,27.531229
28556,31.386032
28557,34.648758
28558,40.40017
28559,19.78832
28571,35.320774
28572,32.162292
28573,33.041634
28574,25.17825
28575,15.341564
28576,21.641064
28578,22.405304
28587,32.86281
28588,22.605093
28589,17.970846
28590,16.245173
28591,16.851076
28592,25.967802
28596,23.551657
28599,20.2713
28600,18.620071
28613,25.821232
28617,33.04258
28618,5.725124
28631,34.14588
28632,21.726433
28633,27.526793
28634,30.931013
28635,36.451447
28636,25.924864
28646,34.052032
28647,31.621218
28648,32.820995
28649,31.199797
28650,27.761837
28651,21.490316
28652,20.170929
28654,19.823349
28655,23.052671
28677,34.870243
28678,34.64897
28679,21.358387
28690,36.336823
28691,35.043045
28692,31.441965
28693,28.612759
28694,24.435833
28703,39.053547
28704,35.98766
28705,26.010792
28706,30.891571
28707,29.838375
28708,22.230082
28709,21.249327
28711,17.66591
28712,24.452816
28722,40.435184
28723,17.881529
28724,22.431635
28725,20.45899
28726,21.142576
28727,27.15202
28732,23.824907
28733,26.432884
28734,29.941195
28744,21.817287
28746,17.89683
28747,25.175014
28752,21.764154
28756,21.12416
28757,23.523563
28759,19.463
28771,22.666946
28772,11.601625
28773,23.608707
28777,34.833565
28778,15.718303
28779,18.997032
28780,18.503584
28781,27.667715
28786,24.152409
28787,25.593842
28788,22.763731
28803,17.107824
28804,20.387781
28805,21.685518
28810,25.003752
28814,22.629446
28815,26.073614
28816,26.446405
28834,38.829235
28835,34.12072
28836,37.423283
28837,25.932121
28843,20.753597
28844,21.59966
28847,15.769675
28848,18.332125
28864,34.463615
28865,32.638535
28866,31.912611
28867,28.452
28868,29.574806
28884,23.013083
28885,20.550632
28886,17.552765
28888,17.441662
28889,16.56934
28890,18.109518
28891,29.269342
28901,19.797665
28902,15.314704
28903,10.861517
28904,24.163593
28906,20.069208
28907,18.061056
28908,25.285215
28929,37.435024
28930,32.762936
28931,31.864151
28932,14.537161
28935,29.356129
28936,32.365612
28937,34.868813
28938,19.378986
28939,23.270185
28940,15.910666
28941,13.936084
28947,16.6557
28948,13.680241
28949,25.614334
28970,33.52212
28971,35.858883
28972,31.949259
28973,33.97326
28974,18.835638
28975,19.5283
28987,39.886677
28988,35.457474
28989,24.02613
28998,36.559246
28999,31.432852
29000,29.689426
29001,32.756687
29002,33.55526
29003,21.15739
29004,23.866045
29007,26.92031
29010,36.78074
29011,27.417305
29015,24.870483
29018,34.576614
29019,34.624447
29020,34.883366
29021,24.540417
29022,24.417536
29023,24.753597
29025,24.447132
29031,17.329737
29032,17.803156
29033,23.184122
29034,24.1364
29035,22.817406
29040,28.796074
29042,23.877571
29043,26.176245
29044,25.769922
29045,27.302576
29047,26.414244
29052,18.897587
29053,15.563751
29054,29.642757
29055,25.221684
29056,29.138527
29057,30.180126
29058,31.374123
29059,30.166573
29060,30.857357
29061,24.168278
29062,21.415915
29063,25.98707
29064,23.685766
29065,27.344282
29066,27.98311
29075,28.33313
29076,24.735922
29077,24.795948
29078,23.65836
29079,19.65121
29080,20.905994
29081,23.583385
29082,24.80503
29083,21.436907
29084,22.913025
29085,26.007816
29086,25.627157
29087,26.674572
29094,26.107971
29095,28.854448
29096,23.282017
29097,27.45831
29098,27.59917
29099,24.312948
29100,27.077463
29101,29.272287
29102,28.674263
29103,30.960304
29104,30.79258
29105,26.229158
29106,26.50879
29107,24.51093
29110,24.410614
29111,23.539223
29114,25.1081
29115,20.583462
29116,22.653397
29117,22.999348
29118,24.055603
29121,26.74784
29122,27.5335
29124,29.203848
29125,29.780779
29126,18.038467
29127,27.124857
29128,22.35876
29129,27.333435
29130,0.008266464
29131,26.814417
29132,22.593369
29141,17.1602
29158,31.146492
29159,32.584435
29160,29.608742
29162,16.39723
29185,32.520638
29186,31.49857
29187,29.502014
29188,26.152483
29189,26.869127
29190,17.077667
29221,31.270721
29222,33.074406
29223,21.9051
29224,22.509289
29225,27.162651
29226,22.666283
29237,32.565937
29239,29.688435
29240,24.787134
29241,28.384638
29242,24.367771
29243,22.080837
29244,14.435444
29245,14.114828
29246,11.403618
29247,11.143122
29248,11.53697
29249,16.195965
29251,19.140488
29288,16.982264
29290,17.587475
29301,29.242489
29302,32.564445
29304,39.44404
29308,24.26039
29309,19.929647
29332,30.535997
29334,37.08226
29358,21.793684
29359,23.886595
29361,23.381187
29362,21.053667
29363,18.530731
29364,13.252186
29365,25.282894
29373,20.848623
29382,32.567116
29383,33.02114
29388,28.916994
29389,27.20354
29390,22.23158
29412,31.607695
29413,32.92037
29414,28.704947
29415,29.790962
29416,25.29593
29417,25.024124
29418,30.561401
29438,18.36743
29439,22.222301
29440,21.56775
29441,25.582947
29462,43.678955
29463,36.410343
29464,41.75948
29465,21.951767
29477,29.33016
29479,33.071205
29480,21.391798
29491,35.55345
29492,31.172583
29493,31.302574
29494,20.901371
29495,28.213493
29496,32.914417
29497,32.920757
29511,22.390924
29512,16.673098
29514,28.721884
29515,15.442976
29539,19.424892
29540,23.58929
29542,37.8899
29543,33.727478
29544,20.596104
29559,42.279415
29560,29.812222
29561,31.850737
29562,12.283893
29603,31.063892
29608,32.29644
29609,38.34924
29610,37.21105
29611,31.242598
29629,24.13472
29630,31.846241
29631,22.491028
29632,21.618383
29633,25.095407
29634,25.880405
29681,36.127083
29682,37.15582
29683,35.1173
29684,35.040424
29685,29.988903
29686,20.330013
29733,24.097673
29734,28.36088
29735,30.821476
29736,32.411747
29737,33.913647
29738,31.590971
29820,39.38921
29821,11.173836
29844,21.719181
29875,17.866734
29876,25.504044
29877,15.656064
29878,14.822913
29879,12.400874
29880,10.717408
29881,22.78681
29904,29.791162
29905,32.462696
29935,31.191942
29936,31.831501
29937,16.839838
29938,21.79963
29939,25.028217
29940,28.114893
29941,19.127993
29989,39.82584
29990,40.203133
29991,39.16884
29993,25.771358
30028,32.212555
30029,32.634254
30030,27.350254
30031,27.551191
30032,22.963005
30033,22.956802
30034,22.90811
30047,30.640196
30075,13.500249
30076,12.663082
30077,13.10723
30078,12.248968
30079,12.960924
30080,27.56353
30098,19.535374
30099,14.153267
30100,12.946103
30101,19.632034
30102,22.820175
30103,23.208462
30104,29.253841
30137,24.497194
30138,27.61751
30139,23.781237
30140,25.713257
30141,13.966306
30189,35.9936
30190,33.141724
30191,31.75105
30192,28.603947
30251,32.536243
30252,28.28301
30253,35.995537
30255,39.789963
30290,36.844124
30291,32.76125
30292,33.0425
30293,31.482681
30294,24.435339
30326,25.7615
30327,27.189198
30328,31.422016
30330,30.513145
30350,33.61743
30352,27.017382
30353,29.751554
30354,23.907305
30355,14.7756
30356,26.492613
30357,24.140888
30414,23.399563
30419,37.349083
30420,32.505398
30421,28.605885
30444,36.625675
30446,38.81752
30447,27.747305
30448,34.508293
30449,28.665882
30450,25.53749
30451,27.374784
30475,36.39087
30476,33.908604
30477,21.334381
30478,33.8815
30479,28.391216
30480,14.449386
30510,19.724394
30511,18.540218
30512,23.088621
30513,23.483608
30515,19.102743
30516,27.268606
30539,22.572264
30540,23.58391
30542,17.9355
30543,14.654626
30544,25.652098
30554,26.863665
30556,25.648342
30557,24.468796
30558,30.181004
30559,29.295008
30560,27.533186
30561,23.054253
30562,25.526072
30564,26.907194
30569,25.772644
30570,21.58114
30580,38.608868
30581,32.967476
30582,35.542316
30583,33.572414
30584,24.416756
30595,35.19819
30596,34.9442
30597,31.93182
30600,25.288363
30601,22.754393
30602,28.42378
30606,17.905466
30607,21.728106
30608,19.71847
30609,25.972038
30670,39.12225
30671,36.973354
30684,33.702755
30685,34.798023
30686,34.790405
30690,31.815598
30691,36.2199
30692,35.39926
30693,16.77611
30711,38.303825
30712,29.290062
30713,46.22754
30714,38.140377
30715,24.905375
30727,21.969637
30728,19.986181
30729,20.31788
30730,19.454054
30731,23.729958
30732,18.146358
30733,24.247454
30752,21.366486
30753,23.826185
30754,20.584278
30755,16.190966
30756,25.651981
30769,38.538918
30770,27.123158
30771,30.277061
30772,37.696606
30773,28.73046
30774,27.366196
30775,17.8302
30819,19.451498
30820,21.057192
30821,17.213083
30822,27.075706
30832,22.620605
30833,32.160927
30834,30.474003
30835,33.074516
30851,31.566816
30852,27.76904
30853,23.997963
30854,26.49929
30855,22.149788
30856,17.126867
30869,37.740055
30870,36.606487
30871,19.204088
30872,26.005938
30873,33.09927
30874,30.758505
30875,21.60017
30876,20.599718
30877,26.332067
30878,14.858041
30879,21.145878
30880,23.443811
30882,21.03041
30883,24.084698
30902,38.505245
30903,33.846928
30904,33.628155
30905,22.635166
30917,36.325924
30918,31.4183
30919,35.375366
30920,32.51081
30921,20.70701
30933,29.584467
30934,30.94438
30935,36.04026
30937,28.745806
30938,28.582718
30939,18.634296
30950,31.151468
30951,34.74283
30952,30.681147
30953,32.022102
30954,27.009317
30955,23.02731
30956,21.305138
30992,38.278572
30993,32.91947
30994,28.577171
30995,29.913752
30996,35.596912
30997,32.93401
30998,26.047176
31027,26.278976
31030,28.79113
31031,33.41859
31032,30.933064
31033,25.847626
31062,21.539642
31063,29.77199
31065,18.206957
31066,22.815643
31067,20.556553
31068,27.720829
31089,35.63601
31090,37.161137
31091,35.92001
31092,24.468113
31102,19.1435
31103,23.763039
31104,25.747597
31105,27.496817
31106,28.353539
31107,31.451622
31109,33.764988
31124,39.526333
31125,24.007566
31135,25.971151
31136,28.622326
31139,31.008026
31142,30.163265
31143,16.262653
31166,33.9434
31168,27.335716
31169,25.642931
31170,24.615458
31171,21.810349
31191,22.389414
31192,29.468805
31193,32.688736
31194,29.848806
31196,28.982193
31197,31.523165
31219,38.93345
31220,35.64896
31221,27.687922
31222,26.137043
31242,27.647604
31243,31.108688
31244,33.573826
31245,38.06841
31246,26.104254
31276,29.862545
31277,31.954363
31278,36.29606
31280,39.50789
31301,27.31431
31303,21.518612
31304,16.637926
31305,17.314035
31306,13.605853
31307,20.054602
31324,21.958488
31327,24.402607
31354,33.77433
31356,25.632393
31357,21.28847
31358,21.518314
31359,28.445435
31360,30.026564
31361,18.365433
31402,33.565247
31403,34.84287
31404,28.402536
31405,29.684513
31406,33.401974
31407,15.794815
31563,11.837766
31564,10.327665
31565,14.360843
31566,13.772282
31572,14.121715
31786,22.990248
31787,27.350267
31788,8.773696
31789,21.491274
31790,13.843353
32116,16.878183
32117,15.674839
32118,14.747058
32119,7.026595
32120,20.4066
32272,21.490023
32273,23.357285
32274,22.321867
32276,15.53442
32277,19.856934
32278,15.72637
32279,16.500284
32512,15.804443
32513,23.016418
32514,20.617525
32516,17.536615
32517,14.645576
32593,13.715374
32594,15.880257
32596,14.54078
32597,14.93968
32598,18.802261
32604,16.64118
32715,17.934914
32716,22.970797
32717,20.782852
32719,21.345707
32720,13.190509
32788,18.956118
32790,14.192251
32791,15.482448
32792,15.062871
32872,23.31887
32873,17.481808
32874,15.981864
32875,9.656669
32876,16.509094
32877,14.122166
32878,13.789568
33013,25.141905
33014,17.91865
33015,17.155777
33016,19.050976
33017,19.337503
33018,10.738287
33074,19.39866
33075,20.851099
33077,15.427398
33078,15.182393
33079,14.642378
33080,18.165266
33081,16.619024
33159,15.978576
33160,13.152101
33162,14.182256
33163,14.277603
33169,12.289851
33274,16.496918
33275,14.654412
33276,22.269304
33280,17.04799
33281,20.57573
33283,11.10663
33408,19.398123
33954,16.947948
33955,16.225246
33957,16.462864
34195,16.212048
34196,16.134443
34197,15.402065
34198,16.272982
34199,14.153628
34200,15.401724
34201,15.981452
34229,23.124166
34230,17.922043
34282,14.561929
34284,16.201754
34285,18.581406
34330,12.976623
34331,13.0158
34333,14.601722
34334,18.11897
34393,13.5065365
34395,11.2090025
34396,10.033124
34397,14.390493
34450,17.783504
34451,16.339455
34452,16.984722
34453,18.517326
34454,20.950842
34455,23.595074
34457,15.9906
34510,16.464481
34511,11.019086
34512,20.226614
34517,13.237934
34518,14.813981
34545,24.082441
34546,23.646208
34547,22.158905
34548,20.667774
34549,17.947737
34550,15.105188
34551,14.32988
34648,22.83636
34650,18.534235
34651,14.788503
34652,19.051947
34653,18.559975
34690,18.292023
34691,17.677523
34692,21.068506
34693,19.17831
34694,20.720901
34696,22.38628
34742,14.817037
34744,24.845947
34745,13.041303
34761,13.6722355
34762,14.7240925
34763,15.505547
34764,14.810422
34766,18.40606
34767,13.772748
34768,19.734718
34786,18.065588
34792,19.581978
34793,25.55987
34794,21.232908
34795,13.006711
34811,5.17985
34812,13.390929
34818,7.7385964
34819,10.475309
34836,22.086613
34837,17.99015
34841,17.998009
34842,15.08903
34843,20.784096
34877,15.42204
34878,13.508182
34880,16.247488
34895,14.357843
34896,9.906331
34897,10.169392
34898,12.029966
34899,14.911475
34901,14.452831
34902,17.228886
34926,17.557306
34927,22.610575
34929,15.361413
34930,15.374329
34931,15.586611
34932,17.819916
34933,12.656945
34947,13.805917
34948,17.768448
34954,22.62301
34955,11.70398
35017,17.691423
35018,20.921228
35019,20.904032
35020,12.468058
35034,13.5263195
35035,13.186302
35036,15.792066
35038,13.994107
35039,17.67347
35062,19.084671
35063,20.045824
35064,18.492815
35065,17.86347
35066,14.947258
35067,14.959168
35096,8.552065
35097,12.588023
35098,13.24637
35099,12.422301
35100,14.087142
35101,15.295123
35102,15.706305
35129,20.679544
35130,23.764585
35131,21.391594
35132,18.730074
35133,18.543419
35148,17.74722
35154,21.254135
35155,22.231985
35156,20.754354
35157,15.309743
35158,11.705839
35176,12.800491
35177,12.860451
35179,22.321466
35180,21.380045
35181,14.890251
35191,12.746246
35192,13.285428
35193,15.23362
35194,16.58725
35195,19.50616
35197,18.21541
35198,21.446098
35215,20.537144
35216,24.005192
35218,19.053928
35219,18.071852
35220,16.91735
35221,16.068789
35222,14.96548
35242,11.977599
35273,8.939789
35274,10.557593
35275,13.641534
35276,8.55975
35277,4.118169
35278,13.061398
35279,15.26342
35280,13.578315
35281,12.504591
35282,13.621462
35292,10.89733
35306,16.582703
35307,17.319492
35308,22.94297
35312,20.628473
35313,10.004173
35345,22.160875
35346,22.089487
35347,17.082844
35348,16.045517
35349,11.692704
35359,16.759144
35360,16.486391
35361,15.312889
35362,12.922324
35363,13.944532
35364,18.240143
35365,15.936505
35376,19.74011
35377,19.54099
35379,15.931794
35380,16.947685
35381,12.796097
35382,14.057856
35383,15.01587
35401,14.69428
35402,10.749044
35403,11.384979
35404,16.977928
35405,12.586907
35406,12.750231
35407,10.518347
35421,13.174
35434,24.137781
35435,20.400991
35436,22.064123
35437,19.342747
35438,13.061398
35440,17.101753
35451,21.983637
35452,20.263762
35453,15.190148
35469,20.654596
35470,14.389886
35471,10.802401
35472,19.422434
35473,19.25007
35474,16.042522
35475,14.546984
35485,17.301449
35486,21.48888
35488,13.210614
35489,14.119644
35490,12.9256
35491,13.900603
35492,14.5375595
35498,18.227049
35504,20.914635
35505,23.145859
35506,18.890448
35507,16.127754
35508,15.314748
35509,13.245022
35510,13.7471
35511,12.36057
35514,18.3342
35515,16.32174
35529,19.822878
35530,11.728319
35531,14.504051
35532,17.61873
35533,17.076487
35534,13.644835
35535,12.925488
35545,20.73113
35546,20.888397
35548,19.228603
35549,16.814423
35550,19.146608
35551,6.513836
35552,20.907177
35553,11.465084
35555,10.032308
35556,13.365814
35573,13.458473
35574,12.99716
35576,19.601366
35577,13.357327
35579,12.668061
35580,18.6904
35589,21.764233
35590,16.172066
35591,14.786934
35597,12.424168
35601,23.558811
35602,12.293637
35604,18.13086
35612,21.004568
35613,13.109058
35614,9.986803
35615,15.127735
35621,12.614345
35622,14.826282
35627,13.852601
35629,18.253807
35636,22.418941
35637,20.249775
35638,12.3156395
35639,17.043692
35645,9.340487
35646,15.016719
35648,22.034237
35649,18.438887
35650,20.609838
35651,20.508055
35652,18.679752
35653,25.49701
35654,11.080274
35655,11.96711
35664,21.759832
35665,21.700129
35666,16.402853
35667,13.355763
35668,12.895083
35669,11.766833
35670,16.06779
35677,16.588028
35681,14.441396
35682,16.138298
35689,21.054832
35690,20.564018
35691,13.568992
35692,15.599605
35693,15.045714
35694,14.437399
35701,17.223827
35702,18.21995
35703,14.785442
35707,12.187947
35708,13.343265
35709,13.223241
35710,11.314413
35711,11.994386
35712,14.251134
35718,15.007938
35719,13.117768
35734,9.907361
35735,12.593595
35736,15.013443
35738,26.0418
35739,22.345156
35740,11.376386
35741,13.0874195
35749,22.579374
35750,18.440742
35751,22.925856
35752,14.2386055
35761,10.087598
35762,11.161763
35767,18.882242
35768,22.54163
35769,13.312328
35770,13.470236
35771,14.745624
35772,16.023706
35773,15.465252
35774,16.08882
35777,18.029413
35780,9.545824
35787,20.509914
35788,19.19728
35789,16.641466
35790,15.654713
36321,14.928696
36322,13.434743
36323,13.961887
36324,12.71208
36325,12.598445
36618,7.6688533
36619,11.378724
36620,9.237236
36627,15.190333
36715,20.498703
36716,14.013222
36717,13.5224085
36718,12.379
36719,10.344497
36720,14.537816
36855,21.242605
36856,17.469416
36857,14.346582
36858,16.952587
36859,17.255598
36860,11.80893
36861,14.506516
37023,25.132614
37024,12.555966
37026,19.820835
37027,14.740316
37028,14.253173
37029,14.107346
37030,14.154317
37350,21.219967
37351,18.87052
37352,18.16263
37353,17.309118
37354,10.289704
37355,20.517822
37356,19.920536
37357,17.912546
37358,17.977854
37359,20.141071
37360,18.748482
37361,18.371305
37362,18.724083
37363,19.691925
37364,17.749813
37365,17.42526
37366,17.780373
37367,16.471756
37368,15.085444
37369,16.957237
37370,19.2375
37371,18.140026
37372,16.400284
37373,18.370575
37374,15.425445
37375,17.837532
37376,17.863176
37377,18.353592
37378,18.547997
37380,16.764738
37381,16.07546
37382,16.207039
37383,15.730056
37384,18.644882
37385,19.360159
37386,19.084871
37387,22.165361
37388,15.868142
37389,19.099497
37390,20.671963
37391,17.710318
37392,20.443577
37393,19.605288
37394,18.324818
37395,17.974245
37396,19.075209
37397,17.779902
37398,17.869844
37399,19.83664
37400,18.30257
37401,19.378445
37402,20.444931
37403,19.27916
37404,18.366821
37405,19.094055
37406,19.922037
37407,20.590565
37408,17.858194
37409,21.856236
37410,17.977432
37411,18.665115
37412,18.81219
37413,21.064306
37414,17.634035
37415,21.190054
37416,18.6993
37417,17.368412
37418,20.012497
37419,20.00145
37420,19.217903
37421,15.086743
37422,14.837555
37423,16.458014
37424,15.677505
37425,16.502712
37426,18.479614
37427,22.12073
37428,56.49101
37429,21.479174
37430,15.21221
37431,20.056562
37432,20.41157
37433,18.794405
37434,15.803652
37435,16.703007
37436,18.227427
37437,18.310467
37438,17.770748
37439,18.114666
37440,13.8223915
37441,16.289995
37442,16.39503
37443,22.219511
37444,18.76285
37445,17.65992
37446,19.854464
37447,21.475016
37448,20.247974
37449,5.0263767
37450,17.48768
37451,17.577675
37452,17.632685
37453,18.75583
37454,19.948368
37455,19.060852
37456,18.282858
37457,19.198696
37458,15.884536
37459,17.998077
37460,20.363947
37461,15.816629
37462,20.018911
37463,19.66944
37464,17.49626
37465,16.69338
37466,18.878624
37467,15.814473
37468,15.754283
37469,14.620568
37470,11.902928
37471,13.767853
37472,17.669205
37473,16.101007
37474,16.401411
37475,20.034945
37476,18.436773
37477,18.102633
37478,17.326534
37479,17.004349
37480,15.563848
37481,16.608246
37482,17.10064
37483,15.936774
37484,11.640917
37485,11.368929
